<annotation>
	<folder>Imagenes 4000*3000 Camilo</folder>
	<filename>DJI_0149.JPG</filename>
	<path>/home/cesar/Escritorio/Imagenes 4000*3000 Camilo/DJI_0149.JPG</path>
	<source>
		<database>Unknown</database>
	</source>
	<size>
		<width>4000</width>
		<height>3000</height>
		<depth>3</depth>
	</size>
	<segmented>0</segmented>
	<object>
		<name>Enfierradura</name>
		<pose>Unspecified</pose>
		<truncated>0</truncated>
		<difficult>0</difficult>
		<bndbox>
			<xmin>13</xmin>
			<ymin>1225</ymin>
			<xmax>142</xmax>
			<ymax>1637</ymax>
		</bndbox>
	</object>
</annotation>
